10.0,20.034720420837402,nan,0.1,nan,nan,nan,nan,nan,nan,nan,nan,0.0,1.0,0.0,0.0,0.0,0.0,0.0,0.0,0.0,0.0
10.0,21.158876419067383,nan,0.1,nan,nan,nan,nan,nan,nan,nan,nan,0.0,1.0,0.0,0.0,0.0,0.0,0.0,0.0,0.0,0.0
10.0,19.468902826309204,nan,0.1,nan,nan,nan,nan,nan,nan,nan,nan,0.0,1.0,0.0,0.0,0.0,0.0,0.0,0.0,0.0,0.0
10.0,21.480393409729004,nan,0.1,nan,nan,nan,nan,nan,nan,nan,nan,0.0,1.0,0.0,0.0,0.0,0.0,0.0,0.0,0.0,0.0
14.8125,19.027488231658936,nan,0.11209989952633845,nan,nan,nan,nan,nan,nan,0.3910939012584705,nan,0.0,0.97625,0.0,0.0,0.0,0.0,0.0,0.0,0.505,0.0
14.1,20.24267029762268,nan,0.10980720871751885,nan,nan,nan,nan,nan,nan,0.40617577197149646,nan,0.0,0.9825,0.0,0.0,0.0,0.0,0.0,0.0,0.4275,0.0
14.225,18.935526847839355,nan,0.11059843400447428,nan,nan,nan,nan,nan,nan,0.4091981132075472,nan,0.0,0.98875,0.0,0.0,0.0,0.0,0.0,0.0,0.43375,0.0
14.2625,18.860929250717163,nan,0.10966850828729281,nan,nan,nan,nan,nan,nan,0.45657894736842103,nan,0.0,0.9925,0.0,0.0,0.0,0.0,0.0,0.0,0.43375,0.0
15.1125,18.463990926742554,0.0,0.11384481001601397,nan,nan,nan,nan,nan,nan,0.37787610619469025,nan,0.0,0.9775,0.0,0.0,0.0,0.0,0.0,0.0,0.53375,0.0
15.45,18.28071641921997,0.0,0.11580688825387277,nan,nan,nan,nan,nan,nan,0.3451851851851852,nan,0.0,0.9625,0.0,0.0,0.0,0.0,0.0,0.0,0.5825,0.0
15.05,18.937157154083252,0.6263736263736264,0.11197732104890148,1.0,nan,nan,nan,nan,nan,0.41735052754982416,nan,0.07125,0.9875,0.00125,0.0,0.0,0.0,0.0,0.0,0.445,0.0
18.35,17.040403366088867,0.6885245901639344,0.12231484450144277,0.45918367346938777,nan,nan,nan,0.0,nan,0.3759772565742715,0.4536082474226804,0.0525,0.95375,0.1125,0.0,0.0,0.0,0.0,0.0,0.66125,0.055
15.6625,18.920885801315308,0.5,0.11615271659324523,0.6666666666666666,nan,nan,nan,nan,nan,0.3866552609067579,0.3,0.00125,0.98875,0.0075,0.0,0.0,0.0,0.0,0.0,0.565,0.00375
17.65,17.169644355773926,0.5822784810126582,0.12094000764233856,0.6292134831460674,nan,nan,nan,nan,nan,0.25927372120265524,0.35135135135135137,0.0575,0.79125,0.07,0.0,0.0,0.0,0.0,0.0,0.83,0.01625
16.0,19.057080268859863,nan,0.11603344579727153,0.8064516129032258,nan,nan,nan,nan,nan,0.39688359303391385,0.5081967213114754,0.0,0.98875,0.03125,0.0,0.0,0.0,0.0,0.0,0.54125,0.03875
21.8125,16.834208011627197,0.65,0.1318883174136664,0.3606382978723404,nan,nan,nan,nan,0.2,0.4149548069022186,0.4661016949152542,0.01625,0.8975,0.42375,0.0,0.0,0.0,0.0,0.00625,0.63125,0.20625
19.1875,18.153976917266846,0.6987951807228916,0.1241038712760873,0.813953488372093,nan,nan,nan,nan,nan,0.3801470588235294,0.4225352112676056,0.2175,0.97375,0.04375,0.0,0.0,0.0,0.0,0.0,0.64625,0.0375
25.025,16.134687900543213,0.6031746031746031,0.13874951756078735,0.41113490364025695,nan,0.0,nan,0.3,0.0,0.4507042253521127,0.455,0.285,0.89875,0.48,0.0,0.0,0.0,0.01125,0.0,0.6,0.2275
24.925,16.523801565170288,0.6013667425968109,0.13956105796285875,0.3736372646184341,nan,0.0,nan,0.3492063492063492,0.1724137931034483,0.5476575121163166,0.48023715415019763,0.33,0.93,0.47125,0.0,0.0,0.0,0.0275,0.00625,0.42375,0.30375
22.6375,16.691671133041382,0.7846153846153846,0.1408906882591093,0.5079726651480638,nan,nan,nan,0.3559322033898305,0.19230769230769232,0.32839632277834524,0.33528265107212474,0.06375,0.87,0.27875,0.0,0.0,0.0,0.02625,0.00625,0.80375,0.215
21.6375,19.027080297470093,0.762589928057554,0.12936481543066178,0.6075949367088608,nan,nan,nan,0.2077922077922078,0.0,0.4713193116634799,0.5868263473053892,0.1325,0.9725,0.24,0.0,0.0,0.0,0.08,0.0,0.61625,0.1225
25.6375,17.021251440048218,0.6203090507726269,0.1388992886559341,0.5854166666666667,nan,0.0,nan,0.36363636363636365,0.19444444444444445,0.4542020774315392,0.43737574552683894,0.35125,0.9275,0.35125,0.0,0.0,0.0,0.04,0.0175,0.60125,0.275
25.375,16.509257793426514,0.6468085106382979,0.13986013986013987,0.5456273764258555,0.2727272727272727,0.15555555555555556,0.0,0.3063063063063063,0.16176470588235295,0.4702127659574468,0.5229681978798587,0.38,0.95,0.35875,0.00375,0.00875,0.0,0.085,0.01375,0.5525,0.185
26.5,17.607473611831665,0.6086142322097379,0.14430816404752778,0.6043689320388349,0.125,0.0,1.0,0.3369330453563715,0.16666666666666666,0.4818880351262349,0.44883720930232557,0.40625,0.94125,0.31125,0.00125,0.0,0.00125,0.195,0.00375,0.54875,0.24125
26.45,15.986337423324585,0.6946107784431138,0.15448577680525163,0.6472019464720195,0.16163793103448276,0.20261437908496732,0.1650485436893204,0.34579439252336447,0.21782178217821782,0.41788743253662297,0.5119047619047619,0.29,0.8825,0.3325,0.09375,0.03875,0.02125,0.0925,0.055,0.6775,0.16125
25.9125,17.517194509506226,0.5934959349593496,0.14530580444098168,0.5333333333333333,0.4,0.0,0.125,0.296028880866426,0.17525773195876287,0.5441941074523396,0.43717728055077454,0.365,0.9325,0.35,0.0025,0.0,0.005,0.205,0.02125,0.3925,0.3175
28.3,17.957242727279663,0.47674418604651164,0.15436392192057438,0.43816631130063965,1.0,0.5,0.375,0.32405891980360063,0.20689655172413793,0.527047913446677,0.4613583138173302,0.5125,0.86,0.51375,0.00125,0.00375,0.01125,0.2475,0.0075,0.42625,0.24625
32.4625,14.940780282020569,0.5870570107858244,0.22346698113207547,0.35789473684210527,0.24242424242424243,0.3584905660377358,0.19665271966527198,0.27680448493342674,0.21258503401360543,0.547923322683706,0.526813880126183,0.47625,0.47375,0.68,0.09,0.02375,0.05875,0.49375,0.3125,0.42875,0.20875
30.275,16.525288820266724,0.5625,0.16472081218274112,0.53125,0.24752475247524752,0.23529411764705882,0.24193548387096775,0.32318840579710145,0.27232142857142855,0.4688149688149688,0.403954802259887,0.43875,0.81125,0.44625,0.03125,0.005,0.01875,0.27875,0.07625,0.56375,0.3575
32.7,14.647275567054749,0.5423529411764706,0.22402826855123675,0.44538834951456313,0.2103448275862069,0.29375,0.19197707736389685,0.31829896907216493,0.2022016222479722,0.5029498525073747,0.40414507772020725,0.57625,0.39625,0.45875,0.07625,0.1175,0.08375,0.30875,0.43625,0.42625,0.39
32.4625,15.420995712280273,0.6084828711256117,0.22844827586206898,0.5261538461538462,0.18050541516245489,0.22192513368983957,0.21739130434782608,0.29127358490566035,0.20522388059701493,0.48346636259977194,0.4646017699115044,0.46625,0.46375,0.4275,0.0625,0.51875,0.06875,0.30875,0.1375,0.53,0.2625
29.35,19.07841467857361,0.5280898876404494,0.16490384615384615,0.4786620530565167,0.21568627450980393,0.20666666666666667,0.2222222222222222,0.33153153153153153,0.23958333333333334,0.48886138613861385,0.4871060171919771,0.47,0.8575,0.51875,0.04125,0.03875,0.015,0.23,0.0575,0.49375,0.2125
29.8,17.628716945648193,0.5629742033383915,0.18997271487039563,0.6015625,0.17590361445783131,0.24390243902439024,0.18921775898520085,0.382089552238806,0.20615384615384616,0.43156934306569344,0.47703180212014135,0.46375,0.69625,0.385,0.1825,0.025,0.22375,0.16,0.08375,0.59125,0.16875
32.4125,17.126001358032227,0.5381471389645777,0.213768115942029,0.49339735894357745,0.18967334035827185,0.21296296296296297,0.2053872053872054,0.3338557993730408,0.23877551020408164,0.48788927335640137,0.46396396396396394,0.49375,0.59,0.51375,0.225,0.14375,0.07625,0.26625,0.14625,0.52875,0.2575
32.075,17.565486669540405,0.5918367346938775,0.20662460567823343,0.49936143039591313,0.21678321678321677,0.20077972709551656,0.21669341894060995,0.3204819277108434,0.2054794520547945,0.4367713004484305,0.4377880184331797,0.435,0.655,0.48875,0.0775,0.12875,0.16875,0.3325,0.075,0.60875,0.2375
32.6375,17.078760623931885,0.584375,0.2181536874677669,0.46373626373626375,0.1919917864476386,0.26666666666666666,0.21980676328502416,0.3858093126385809,0.22134733158355205,0.4621676891615542,0.45770065075921906,0.4675,0.52875,0.5275,0.23375,0.03,0.11375,0.2175,0.31625,0.565,0.26375
33.4,16.449921369552612,0.6666666666666666,0.20394441954280593,0.4438877755511022,0.21739130434782608,0.19896193771626297,0.28431372549019607,0.32667332667332666,0.2515923566878981,0.42254601226993865,0.43186180422264875,0.4475,0.56875,0.55375,0.1125,0.14375,0.03625,0.40875,0.09875,0.68875,0.28125
30.175,18.6987144947052,0.6309963099630996,0.17463498425422272,0.5770065075921909,0.18666666666666668,0.21382289416846653,0.32,0.3926829268292683,0.21203007518796993,0.451251078515962,0.4444444444444444,0.4275,0.7625,0.3325,0.07,0.12375,0.03,0.20125,0.17625,0.65375,0.24
31.9125,17.95077896118164,0.6353982300884956,0.19602795145274,0.4705111402359109,0.20949720670391062,0.22706422018348624,0.21929824561403508,0.3449419568822554,0.2397743300423131,0.4460562103354488,0.40310077519379844,0.44875,0.66625,0.44875,0.09375,0.12375,0.0625,0.26,0.2125,0.615,0.26
32.9625,17.238367795944214,0.5875706214689266,0.21007604562737642,0.46736596736596736,0.20140105078809106,0.248,0.24555160142348753,0.34520123839009287,0.21145374449339208,0.5160051216389244,0.4343807763401109,0.52,0.5525,0.50125,0.14375,0.11625,0.08625,0.27875,0.3,0.50375,0.29375
33.1875,17.552013397216797,0.6156202143950995,0.22101090188305253,0.5472636815920398,0.1978984238178634,0.21065989847715735,0.2459016393442623,0.36054421768707484,0.24128686327077747,0.42975893599334997,0.39078498293515357,0.5025,0.5575,0.4125,0.14125,0.2075,0.075,0.265,0.225,0.64625,0.28625
33.775,17.061703205108643,0.5509950248756219,0.22291021671826625,0.50661853188929,0.22926829268292684,0.27586206896551724,0.19211409395973153,0.35260115606936415,0.22026431718061673,0.47167868177136973,0.45588235294117646,0.55375,0.54,0.52625,0.1175,0.08,0.28625,0.305,0.125,0.5725,0.27125
33.2125,18.504030466079712,0.6126878130217028,0.208,0.529505582137161,0.21455938697318008,0.23284823284823286,0.24553571428571427,0.36036036036036034,0.21505376344086022,0.45555555555555555,0.39586206896551723,0.45875,0.65,0.415,0.14,0.14,0.06875,0.35,0.125,0.615,0.35875
33.3625,18.165708780288696,0.6416382252559727,0.19976405819897758,0.555,0.22149837133550487,0.2735562310030395,0.23880597014925373,0.3632707774798928,0.21061359867330018,0.4591747146619842,0.42132867132867136,0.47,0.635,0.41625,0.17,0.1125,0.08,0.33875,0.15875,0.65375,0.30125
33.3125,18.018038749694824,0.605925925925926,0.20864736215787386,0.5875613747954174,0.2052505966587112,0.2195845697329377,0.24043715846994534,0.3500837520938023,0.20618556701030927,0.46808510638297873,0.45297504798464494,0.51125,0.6575,0.44875,0.1075,0.185,0.11,0.26125,0.15,0.605,0.295
32.975,18.502203941345215,0.6118210862619808,0.19806403574087864,0.543661971830986,0.1970260223048327,0.26184538653366585,0.21107266435986158,0.38131699846860645,0.21864951768488747,0.46285714285714286,0.4475374732334047,0.47875,0.665,0.4825,0.19875,0.13125,0.07625,0.31125,0.085,0.6075,0.26125
34.7,17.122857570648193,0.6273006134969326,0.22067901234567902,0.5152284263959391,0.20136986301369864,0.31100478468899523,0.23157894736842105,0.38769230769230767,0.22990353697749197,0.4835493519441675,0.4185606060606061,0.51125,0.53625,0.5075,0.18375,0.1625,0.1925,0.315,0.17875,0.60625,0.27625
32.8625,18.909401178359985,0.6086309523809523,0.1936038514442916,0.5641421947449768,0.21148825065274152,0.23259493670886075,0.23577235772357724,0.3924611973392461,0.21280276816608998,0.5089086859688196,0.4256410256410256,0.51125,0.70375,0.45625,0.10125,0.18375,0.0725,0.22125,0.15375,0.57125,0.31125
34.5875,17.578650951385498,0.5753246753246753,0.2136048526863085,0.5396383866481224,0.21691176470588236,0.25203252032520324,0.23684210526315788,0.3944636678200692,0.2435723951285521,0.48326771653543305,0.42077464788732394,0.55375,0.61625,0.485,0.1475,0.155,0.07875,0.285,0.225,0.61375,0.29875
34.4,18.48162031173706,0.5735849056603773,0.2099009900990099,0.5970425138632163,0.2222222222222222,0.2661498708010336,0.24836601307189543,0.3630573248407643,0.2327150084317032,0.4957894736842105,0.40667678300455234,0.57,0.6625,0.40375,0.1275,0.12875,0.095,0.35625,0.1725,0.58875,0.335
35.025,17.15253233909607,0.5906040268456376,0.21202404809619238,0.5644444444444444,0.22560975609756098,0.2559852670349908,0.24533333333333332,0.4069767441860465,0.23778501628664495,0.5251141552511416,0.43946188340807174,0.55,0.66125,0.47625,0.13875,0.17375,0.115,0.2625,0.1825,0.575,0.3675
35.25,17.081082820892334,0.6115214180206795,0.21719269102990033,0.5749235474006116,0.2328767123287671,0.2650273224043716,0.24568965517241378,0.37023370233702335,0.24398073836276082,0.4768392370572207,0.44871794871794873,0.5175,0.65375,0.47,0.085,0.2425,0.07125,0.37625,0.19,0.65625,0.2625
34.475,17.22952651977539,0.6079881656804734,0.2097579715712639,0.5770992366412214,0.20910973084886128,0.2768595041322314,0.22448979591836735,0.37215528781793844,0.23856858846918488,0.48120300751879697,0.48346055979643765,0.51375,0.6825,0.4725,0.12625,0.1675,0.11,0.3475,0.15,0.64,0.2375
34.375,17.43951916694641,0.6344827586206897,0.21135765325310266,0.6003184713375797,0.21042830540037244,0.26537216828478966,0.2170212765957447,0.3932748538011696,0.24713584288052373,0.46845289541918755,0.5041095890410959,0.46,0.7025,0.47125,0.14125,0.1025,0.1275,0.33625,0.18875,0.6775,0.23
34.8125,16.22770607471466,0.592436974789916,0.21428571428571427,0.62248322147651,0.21207177814029363,0.24778761061946902,0.26627218934911245,0.41141732283464566,0.24279210925644917,0.47842056932966026,0.4772727272727273,0.52875,0.66375,0.46375,0.1625,0.175,0.1125,0.26125,0.2,0.65125,0.2625
34.4125,17.646116495132446,0.5840840840840841,0.200554208520956,0.5714285714285714,0.23130434782608697,0.27218934911242604,0.2540322580645161,0.39106145251396646,0.24127906976744187,0.48633364750235625,0.4656319290465632,0.48625,0.72375,0.51,0.16625,0.115,0.07875,0.35,0.10375,0.645,0.2625
35.5375,16.109687566757202,0.5416666666666666,0.23104857013163868,0.6038338658146964,0.20927152317880796,0.2577565632458234,0.239247311827957,0.3919308357348703,0.24961479198767333,0.5142857142857142,0.45864661654135336,0.56875,0.63625,0.4725,0.1975,0.135,0.11125,0.34,0.2025,0.585,0.305
36.2375,16.475402116775513,0.6144,0.22595078299776286,0.612540192926045,0.23194748358862144,0.29963235294117646,0.22797927461139897,0.37976190476190474,0.26142595978062155,0.5077519379844961,0.4662813102119461,0.48,0.63125,0.47625,0.1325,0.20375,0.165,0.39875,0.17875,0.655,0.3025
37.2,15.915381908416748,0.5745192307692307,0.2303245887060916,0.5185972369819342,0.22166666666666668,0.2753303964757709,0.25914634146341464,0.4281567489114659,0.2697095435684647,0.5299539170506913,0.473967684021544,0.5975,0.6475,0.61,0.16625,0.15625,0.10625,0.36875,0.1625,0.575,0.33
34.825,17.86560297012329,0.6154992548435171,0.19792342634652824,0.6314878892733564,0.25075528700906347,0.2809278350515464,0.25287356321839083,0.39398084815321477,0.23002421307506055,0.5009920634920635,0.4692737430167598,0.51625,0.7625,0.45625,0.10375,0.13625,0.0825,0.36,0.11875,0.63125,0.315
36.7875,16.083083510398865,0.6237337192474675,0.23202911737943585,0.5707831325301205,0.2245557350565428,0.31,0.24936386768447838,0.4132791327913279,0.2513863216266174,0.49264705882352944,0.4471830985915493,0.53875,0.6375,0.47375,0.17375,0.19375,0.1225,0.38125,0.17,0.67,0.3175
36.775,16.282315015792847,0.6540983606557377,0.2273913043478261,0.6156202143950995,0.23497267759562843,0.28294573643410853,0.275,0.3798358733880422,0.24784853700516352,0.509286412512219,0.4768611670020121,0.49875,0.65375,0.5025,0.16125,0.27375,0.055,0.405,0.18,0.65125,0.29625
36.2875,16.832478046417236,0.6327433628318584,0.21289584128195346,0.6138933764135702,0.23616236162361623,0.2946058091286307,0.25316455696202533,0.40185830429732866,0.23583180987202926,0.5132223310479922,0.4657039711191336,0.53625,0.6975,0.475,0.16,0.08875,0.1,0.4325,0.16125,0.655,0.3225
37.4375,15.968242526054382,0.6672566371681415,0.2261264985531211,0.5551425030978935,0.2538167938931298,0.30279898218829515,0.2838283828382838,0.4282051282051282,0.24561403508771928,0.5322751322751322,0.46153846153846156,0.47125,0.68375,0.56,0.16625,0.14875,0.1075,0.4175,0.1925,0.62875,0.3675
36.8875,15.9997398853302,0.6349206349206349,0.22262190247801758,0.593103448275862,0.24455205811138014,0.3049645390070922,0.2445414847161572,0.4178525226390686,0.2504672897196262,0.5041938490214353,0.47863247863247865,0.5,0.69625,0.5375,0.12625,0.16125,0.14,0.40375,0.1675,0.67625,0.28
37.7875,15.92507815361023,0.6427503736920778,0.23156942559927635,0.5824324324324325,0.2364066193853428,0.3400900900900901,0.2429245283018868,0.3961840628507295,0.26238532110091745,0.48348856900931414,0.4851694915254237,0.5375,0.64,0.53875,0.125,0.18875,0.12875,0.44125,0.17875,0.71375,0.28625
36.65,16.4881112575531,0.667262969588551,0.21877486077963404,0.6224648985959438,0.23166023166023167,0.3223684210526316,0.23296703296703297,0.4280155642023346,0.24605678233438485,0.5171736997055937,0.5173210161662818,0.46625,0.6875,0.49875,0.15,0.18375,0.1325,0.4125,0.195,0.65875,0.28
37.2,16.586713314056396,0.6296829971181557,0.21673424253593807,0.6031294452347084,0.25,0.31179775280898875,0.2546583850931677,0.41564245810055866,0.24468085106382978,0.5240532241555783,0.5021367521367521,0.54625,0.735,0.53,0.09625,0.13875,0.1025,0.465,0.1725,0.64,0.29375
39.625,14.497632622718811,0.6229281767955801,0.26666666666666666,0.6246246246246246,0.24057450628366248,0.31865284974093266,0.26109215017064846,0.45098039215686275,0.26490825688073394,0.5518018018018018,0.48019017432646594,0.56375,0.53,0.52,0.1675,0.3075,0.19125,0.4025,0.28875,0.6125,0.37875
37.675,16.131454586982727,0.6558641975308642,0.22653721682847897,0.6024279210925645,0.25,0.2987012987012987,0.2491349480968858,0.44573082489146165,0.25771604938271603,0.5311542390194075,0.43916083916083914,0.53125,0.7,0.49625,0.1125,0.20125,0.09,0.385,0.20875,0.65,0.3925
38.0375,16.123129725456238,0.6500802568218299,0.23398576512455516,0.5969101123595506,0.23588709677419356,0.3244444444444444,0.2601010101010101,0.4348404255319149,0.2547584187408492,0.5269461077844312,0.45768025078369906,0.50625,0.6575,0.53125,0.14625,0.1825,0.12875,0.40875,0.2175,0.66,0.365
38.8,15.325215101242065,0.6483870967741936,0.24183625177472787,0.5554272517321016,0.2585034013605442,0.32340425531914896,0.25996204933586337,0.4442988204456094,0.2510948905109489,0.5508196721311476,0.4866666666666667,0.5025,0.63875,0.60125,0.1425,0.19,0.17125,0.42375,0.215,0.63,0.365
39.6375,14.633982419967651,0.6462882096069869,0.26540284360189575,0.6148555708390646,0.24085365853658536,0.341948310139165,0.238,0.4155299055613851,0.2561307901907357,0.5201149425287356,0.5039370078740157,0.555,0.56,0.55875,0.1975,0.215,0.14875,0.495,0.235,0.67875,0.32
37.65,16.31465435028076,0.5870445344129555,0.2234878240377062,0.592686002522068,0.23667377398720682,0.3041044776119403,0.2687224669603524,0.46955128205128205,0.25,0.5419426048565121,0.5,0.54375,0.71125,0.5875,0.13875,0.20375,0.07625,0.36625,0.2,0.61375,0.32375
39.2375,14.965504169464111,0.5845070422535211,0.25121293800539085,0.5619369369369369,0.26095238095238094,0.3184818481848185,0.25862068965517243,0.4605873261205564,0.2563131313131313,0.5352743561030235,0.5167364016736402,0.6225,0.5825,0.62375,0.17125,0.24125,0.15,0.3725,0.25375,0.5975,0.30875
39.4875,14.907065987586975,0.5941101152368758,0.24871794871794872,0.5691056910569106,0.2578268876611418,0.32653061224489793,0.2706766917293233,0.4796380090497738,0.2539325842696629,0.5669856459330144,0.516728624535316,0.58,0.60625,0.6125,0.175,0.22,0.135,0.3975,0.2825,0.5925,0.3475
39.0,15.19202744960785,0.5978260869565217,0.24301812836844683,0.5628539071347678,0.2504288164665523,0.30353430353430355,0.23553719008264462,0.4645550527903469,0.25854700854700857,0.5297805642633229,0.4738562091503268,0.61875,0.62,0.62125,0.1825,0.1825,0.1425,0.385,0.15125,0.63375,0.3625
39.45,15.051738858222961,0.6312684365781711,0.2535358826610791,0.5771567436208992,0.24545454545454545,0.3240556660039761,0.2581888246628131,0.46875,0.2532808398950131,0.5777233782129743,0.5007256894049347,0.535,0.605,0.59375,0.2025,0.20375,0.1675,0.375,0.24125,0.59,0.43125
38.575,15.260618686676025,0.6138482023968043,0.24217621569571499,0.6189821182943603,0.25,0.30971128608923887,0.24118476727785615,0.4724540901502504,0.25744047619047616,0.5339805825242718,0.5081374321880651,0.57625,0.62875,0.5625,0.18875,0.1475,0.21375,0.35375,0.21625,0.61875,0.35125
40.075,14.537840366363525,0.6145181476846058,0.26492753623188403,0.6007751937984496,0.25517241379310346,0.3109048723897912,0.2611832611832612,0.5161904761904762,0.2512613521695257,0.5961538461538461,0.49145299145299143,0.61375,0.57125,0.58125,0.185,0.1675,0.22625,0.33875,0.31125,0.58125,0.43125
40.025,14.943735003471375,0.6305555555555555,0.2507345739471107,0.6044098573281452,0.27427184466019416,0.3209302325581395,0.2535575679172057,0.47093023255813954,0.263448275862069,0.6002587322121604,0.5165165165165165,0.5675,0.64,0.5825,0.14125,0.1725,0.245,0.405,0.23875,0.58,0.43
39.55,15.015928387641907,0.6144121365360303,0.24192059095106186,0.5722411831626849,0.234375,0.2759170653907496,0.2781456953642384,0.4864433811802233,0.28725701943844495,0.5638665132336018,0.5264116575591985,0.6075,0.655,0.62875,0.16875,0.21625,0.1575,0.38125,0.16625,0.6125,0.36125
39.1,15.459470748901367,0.6815068493150684,0.24083769633507854,0.5683856502242153,0.2464,0.33890214797136037,0.24385964912280703,0.4206098843322818,0.2744721689059501,0.5439330543933054,0.5748031496062992,0.4975,0.6325,0.63375,0.1925,0.1775,0.17375,0.5,0.17875,0.65,0.27375
39.8625,15.136443853378296,0.6310013717421125,0.24705304518664048,0.6038709677419355,0.2546689303904924,0.35275080906148865,0.2604166666666667,0.44,0.2672292545710267,0.5477223427331888,0.5121951219512195,0.575,0.62875,0.585,0.1875,0.13625,0.15625,0.48125,0.2375,0.63125,0.3675
39.4125,15.608408689498901,0.6425470332850941,0.23739402052655065,0.5786240786240786,0.24236641221374045,0.3641456582633053,0.2611111111111111,0.44014084507042256,0.281786941580756,0.5306532663316583,0.4931506849315068,0.555,0.665,0.58875,0.15875,0.1625,0.1175,0.46875,0.205,0.66,0.36
40.225,15.098666906356812,0.6239782016348774,0.2435080842724155,0.5625,0.2503401360544218,0.3338926174496644,0.2808641975308642,0.47448275862068967,0.2803030303030303,0.5908529048207664,0.5120689655172413,0.5725,0.62125,0.6525,0.23,0.24875,0.11375,0.43,0.185,0.5975,0.37125
39.725,15.730453372001648,0.6392496392496393,0.24029920523609163,0.6007905138339921,0.24186046511627907,0.3920863309352518,0.27170868347338933,0.4429065743944637,0.2606951871657754,0.5754824063564131,0.5007898894154819,0.55375,0.6425,0.57,0.195,0.13625,0.12125,0.48,0.24375,0.63375,0.39625
40.7875,14.939455151557922,0.6194805194805195,0.25086079685194296,0.5790123456790124,0.2788844621513944,0.3583690987124464,0.2639593908629442,0.45044052863436124,0.27722772277227725,0.592638036809816,0.45671267252195735,0.59625,0.6375,0.58625,0.175,0.20875,0.13,0.51125,0.175,0.60375,0.455
39.5375,15.954074382781982,0.6195652173913043,0.23018108651911467,0.5813664596273292,0.26635514018691586,0.34877384196185285,0.2639593908629442,0.4853146853146853,0.2720156555772994,0.571753986332574,0.4889867841409692,0.57,0.715,0.585,0.1425,0.16,0.13,0.43375,0.17375,0.6275,0.41625
41.1125,14.363609790802002,0.6217616580310881,0.262993762993763,0.6043256997455471,0.26291079812206575,0.34896810506566606,0.2631578947368421,0.4968051118210863,0.2761061946902655,0.5751121076233184,0.5334448160535117,0.6,0.6325,0.59375,0.21,0.2325,0.21875,0.38875,0.195,0.64125,0.39875
40.5125,15.482463955879211,0.6893203883495146,0.24724770642201835,0.6334776334776335,0.2811158798283262,0.35356200527704484,0.2747875354107649,0.45278450363196127,0.28050314465408804,0.5209471766848816,0.5168918918918919,0.5325,0.67375,0.54875,0.16375,0.1675,0.12125,0.4675,0.27875,0.715,0.3825
40.4125,15.373125672340393,0.6324110671936759,0.23977615152819629,0.631578947368421,0.26991869918699185,0.34334763948497854,0.27936507936507937,0.5185185185185185,0.2690288713910761,0.5696767001114827,0.5521023765996343,0.6,0.69625,0.57,0.2075,0.2,0.11,0.385,0.25625,0.63875,0.3775
41.5375,14.009663105010986,0.6069364161849711,0.2781908302354399,0.5471311475409836,0.26108374384236455,0.3323170731707317,0.29222520107238603,0.5240641711229946,0.267515923566879,0.5977301387137453,0.5274336283185841,0.65625,0.56125,0.6675,0.265,0.2725,0.13625,0.3675,0.2625,0.5925,0.3725
41.1375,14.884742856025696,0.6627737226277373,0.2628811777076761,0.5971223021582733,0.2551813471502591,0.3622222222222222,0.30618892508143325,0.5146804835924007,0.26731601731601734,0.5641025641025641,0.5106382978723404,0.5675,0.625,0.6225,0.24625,0.20375,0.1175,0.3725,0.30875,0.66,0.39
40.9625,15.154670715332031,0.6732673267326733,0.245706106870229,0.5797933409873708,0.26107226107226106,0.328719723183391,0.3074866310160428,0.5252173913043479,0.2789281364190012,0.5584281282316442,0.5034364261168385,0.595,0.64375,0.63125,0.14,0.2375,0.14375,0.3775,0.28625,0.675,0.36625
42.1375,14.223086833953857,0.6370967741935484,0.28863936591809775,0.5893074119076549,0.24548736462093862,0.37796610169491524,0.2872340425531915,0.48644986449864497,0.3031674208144796,0.5419103313840156,0.49417637271214643,0.5925,0.54625,0.60625,0.255,0.27875,0.16875,0.44875,0.25125,0.695,0.37125
42.525,13.999123215675354,0.6247002398081535,0.2874519846350832,0.6030534351145038,0.25538020086083213,0.3954802259887006,0.2830957230142566,0.4606205250596659,0.2966226138032305,0.5693989071038251,0.4842105263157895,0.65125,0.56125,0.5925,0.2225,0.2625,0.17375,0.4825,0.2525,0.65125,0.4025
40.55,15.09485399723053,0.6187576126674786,0.24917413874469088,0.6211340206185567,0.2504638218923933,0.36615384615384616,0.26046511627906976,0.48801128349788436,0.2543757292882147,0.5805714285714285,0.5245901639344263,0.635,0.66,0.6025,0.16875,0.14875,0.14,0.4325,0.2725,0.635,0.36
41.525,14.645858645439148,0.639686684073107,0.26259378349410506,0.5899632802937577,0.2488479262672811,0.34110787172011664,0.28370786516853935,0.4747340425531915,0.2850539291217257,0.6048192771084338,0.5087719298245614,0.6125,0.6125,0.6025,0.2025,0.2925,0.12625,0.44625,0.23125,0.6275,0.39875
41.975,14.514706492424011,0.5607763023493361,0.28157589803012745,0.6167979002624672,0.23479729729729729,0.3249138920780712,0.3161094224924012,0.49577464788732395,0.3046594982078853,0.5730464326160816,0.5067796610169492,0.68625,0.6075,0.5875,0.17375,0.35375,0.13,0.44,0.2125,0.6325,0.37375
42.3,14.103253245353699,0.597926267281106,0.2930379746835443,0.6565349544072948,0.2637931034482759,0.3356401384083045,0.2994011976047904,0.4870801033591731,0.2964426877470356,0.5404858299595142,0.48986486486486486,0.64875,0.57875,0.54,0.19125,0.36375,0.125,0.47125,0.28125,0.6675,0.3625
42.2125,14.006651997566223,0.6002415458937198,0.27015008337965535,0.6170763260025873,0.2754946727549467,0.35640648011782033,0.2955665024630542,0.52023988005997,0.29453015427769985,0.5865724381625441,0.5071542130365659,0.62125,0.6075,0.59625,0.22625,0.3025,0.15,0.43375,0.2625,0.6225,0.39875
41.7375,14.47207760810852,0.6409574468085106,0.25257249766136575,0.6261437908496732,0.2672811059907834,0.36904761904761907,0.2734225621414914,0.4831038798498123,0.2899505766062603,0.5747001090512541,0.5418894830659536,0.6025,0.675,0.59875,0.145,0.2325,0.17875,0.4825,0.22,0.65875,0.38
42.75,13.781275033950806,0.6777456647398844,0.2796092796092796,0.5950118764845606,0.2593123209169054,0.3872549019607843,0.27153558052434457,0.4922077922077922,0.2916030534351145,0.5859375,0.5037707390648567,0.58625,0.5725,0.62625,0.22625,0.29625,0.18125,0.47375,0.23875,0.65625,0.4175
42.15,13.85403287410736,0.6520051746442432,0.2768768768768769,0.5606382978723404,0.26756756756756755,0.4071246819338422,0.2778904665314402,0.4869684499314129,0.2788235294117647,0.577433628318584,0.5282651072124757,0.63,0.57625,0.65875,0.2475,0.2,0.17125,0.44375,0.29625,0.6525,0.33875
42.85,14.128603339195251,0.6294871794871795,0.27636152954808807,0.6426553672316384,0.26140155728587317,0.38768115942028986,0.303125,0.48426150121065376,0.3022556390977444,0.6095238095238096,0.5058479532163743,0.61375,0.59625,0.56875,0.29375,0.2675,0.12125,0.5,0.25125,0.64,0.4325
42.75,13.712479829788208,0.5919282511210763,0.2849162011173184,0.6841269841269841,0.2655007949125596,0.3785211267605634,0.2638888888888889,0.4993215739484396,0.3181818181818182,0.6093366093366094,0.4936708860759494,0.66,0.57375,0.53875,0.20875,0.26875,0.26125,0.46,0.245,0.62,0.43875
42.575,13.681551575660706,0.6100702576112412,0.2796957284961966,0.6422872340425532,0.2696969696969697,0.33640552995391704,0.2824858757062147,0.5544933078393881,0.2849936948297604,0.6058139534883721,0.5097451274362819,0.65125,0.5975,0.60375,0.2225,0.27375,0.1875,0.3625,0.2825,0.65125,0.425
42.35,14.071601629257202,0.6059225512528473,0.263724434876211,0.5903755868544601,0.2676348547717842,0.34122287968441817,0.29740518962075846,0.5433715220949263,0.29705882352941176,0.6021003500583431,0.46770025839793283,0.665,0.6125,0.62875,0.16125,0.21625,0.18625,0.415,0.2525,0.645,0.4525
42.4375,13.879310369491577,0.6458333333333334,0.2679704016913319,0.5790697674418605,0.28322440087145967,0.3576158940397351,0.30327868852459017,0.49066666666666664,0.29411764705882354,0.6137761377613776,0.4857142857142857,0.62,0.63375,0.6225,0.1625,0.2025,0.185,0.46,0.2875,0.62375,0.44625
42.5875,13.75072455406189,0.6315136476426799,0.26735218508997427,0.6421052631578947,0.2837209302325581,0.33553719008264465,0.2887700534759358,0.5209840810419681,0.2919254658385093,0.6070175438596491,0.533210332103321,0.63625,0.65,0.61,0.1525,0.25375,0.2025,0.45,0.29375,0.64875,0.36125
43.2125,13.533602714538574,0.6611111111111111,0.28934624697336564,0.6743185078909613,0.26501766784452296,0.3768595041322314,0.27629911280101394,0.5233644859813084,0.28587962962962965,0.6225,0.5353383458646617,0.595,0.5975,0.5875,0.1875,0.285,0.2725,0.42,0.30875,0.6225,0.445
42.15,14.52222990989685,0.6691068814055637,0.25761237312711455,0.643661971830986,0.26904376012965964,0.3544715447154472,0.29206963249516443,0.5259938837920489,0.29541864139020535,0.6094117647058823,0.5230061349693251,0.57125,0.66625,0.57125,0.2075,0.2725,0.18875,0.43,0.23375,0.6475,0.42625
44.6,12.848369121551514,0.6293622141997594,0.3323943661971831,0.5964325529542921,0.27626459143968873,0.4203152364273205,0.2729766803840878,0.4961139896373057,0.29707112970711297,0.6383248730964467,0.5387096774193548,0.65375,0.4425,0.66875,0.26625,0.3,0.24875,0.47875,0.355,0.62875,0.4175
43.3875,13.692097544670105,0.6554054054054054,0.27354497354497354,0.6294871794871795,0.28998242530755713,0.4,0.29982964224872233,0.5,0.2926829268292683,0.6015801354401806,0.5365079365079365,0.60625,0.64625,0.61375,0.20625,0.2,0.22,0.4875,0.27,0.66625,0.4225
42.0125,14.522845268249512,0.6608695652173913,0.2501091226538629,0.6749271137026239,0.2958257713248639,0.3911764705882353,0.28135593220338984,0.5474683544303798,0.28017883755588674,0.5932584269662922,0.5235204855842185,0.57,0.71625,0.57875,0.20375,0.16625,0.2075,0.4325,0.235,0.66,0.43125
44.5125,12.758785009384155,0.6532663316582915,0.32752613240418116,0.5778947368421052,0.2911764705882353,0.4173387096774194,0.26808100289296044,0.5193452380952381,0.3161131611316113,0.6519944979367263,0.5183553597650514,0.65,0.47,0.68625,0.2475,0.25875,0.3475,0.43625,0.32125,0.5925,0.44125
44.1375,13.224039077758789,0.6743185078909613,0.29218647406434667,0.5815677966101694,0.27722772277227725,0.42657342657342656,0.29545454545454547,0.47619047619047616,0.3282051282051282,0.6209876543209877,0.5304212168486739,0.5875,0.55625,0.68625,0.28,0.22875,0.24375,0.5375,0.24,0.62875,0.425
43.95,13.378965377807617,0.6742532005689901,0.28554641598119856,0.607728337236534,0.29442508710801396,0.3920335429769392,0.3075313807531381,0.46406570841889117,0.30758426966292135,0.5862445414847162,0.5344262295081967,0.5925,0.6075,0.64875,0.21125,0.23375,0.18375,0.565,0.27375,0.67125,0.4075
43.2625,13.954328775405884,0.6571834992887624,0.26717557251908397,0.6352040816326531,0.28434504792332266,0.3890909090909091,0.2967479674796748,0.5018867924528302,0.29874213836477986,0.601589103291714,0.5616197183098591,0.5775,0.65625,0.6225,0.2225,0.2675,0.1825,0.49875,0.2375,0.6625,0.39875
43.0625,14.191872954368591,0.6695402298850575,0.25991399904443385,0.6358974358974359,0.3163716814159292,0.39148936170212767,0.3028391167192429,0.5151515151515151,0.27606177606177607,0.6296296296296297,0.5580645161290323,0.5825,0.68,0.62,0.17875,0.23,0.12,0.4675,0.3575,0.6375,0.4325
44.5,13.321238279342651,0.669971671388102,0.2934131736526946,0.6403622250970246,0.2880354505169867,0.38729198184568836,0.3075601374570447,0.4827586206896552,0.3074581430745814,0.6061997703788748,0.5320417287630402,0.59125,0.55125,0.61875,0.24375,0.32,0.22375,0.5425,0.2525,0.66,0.44625
44.1375,13.506366491317749,0.6467598475222364,0.2794292508917955,0.6069042316258352,0.28005115089514065,0.37519142419601836,0.31702544031311153,0.5397301349325337,0.3037383177570093,0.6229116945107399,0.562962962962963,0.63625,0.5875,0.68125,0.27375,0.30625,0.2025,0.45,0.24375,0.6525,0.38
44.4125,13.4887193441391,0.6322815533980582,0.2844364937388193,0.6048298572996706,0.2824074074074074,0.3598937583001328,0.33101851851851855,0.5384615384615384,0.3005698005698006,0.6495388669301713,0.5485436893203883,0.65125,0.59625,0.68875,0.22875,0.33875,0.17875,0.455,0.26375,0.61625,0.42375
44.7125,13.19379997253418,0.6486486486486487,0.2916666666666667,0.6017505470459519,0.28005657708628007,0.3783422459893048,0.31738035264483627,0.510718789407314,0.30434782608695654,0.6629526462395543,0.5321821036106751,0.66,0.56,0.6875,0.2475,0.35375,0.1575,0.50625,0.28,0.595,0.42375
44.5125,13.453259110450745,0.6342592592592593,0.2871536523929471,0.5958829902491874,0.2817824377457405,0.39832285115303984,0.32865168539325845,0.5257301808066759,0.29653679653679654,0.6381660470879802,0.5492227979274611,0.685,0.57,0.6875,0.26875,0.2375,0.14625,0.4725,0.3425,0.64375,0.3975
43.025,14.332182168960571,0.6626826029216467,0.24392399469730447,0.6616022099447514,0.2939958592132505,0.40969162995594716,0.2777777777777778,0.5223463687150838,0.30415430267062316,0.6415094339622641,0.5311614730878187,0.62375,0.69,0.59875,0.1775,0.2325,0.15,0.4675,0.25625,0.6375,0.46875
44.4625,13.902973890304565,0.6549479166666666,0.27287493232268545,0.6497395833333334,0.29797979797979796,0.44142259414225943,0.2825342465753425,0.5031055900621118,0.3175287356321839,0.6471337579617834,0.5392592592592592,0.62875,0.63,0.62375,0.22125,0.26375,0.20625,0.50625,0.27625,0.635,0.455
44.4625,13.873897314071655,0.6763888888888889,0.27889591719378953,0.6612021857923497,0.2972972972972973,0.421875,0.28413793103448276,0.5353218210361067,0.3021978021978022,0.6510745891276865,0.5263157894736842,0.60875,0.60625,0.605,0.22,0.30375,0.2575,0.42625,0.275,0.64375,0.5
45.6875,13.25544559955597,0.6749024707412223,0.3148295003965107,0.652230971128609,0.2924281984334204,0.41654135338345866,0.3013698630136986,0.5560747663551402,0.3073341094295693,0.6375921375921376,0.5006211180124224,0.64875,0.49625,0.62125,0.28,0.34625,0.2475,0.44625,0.33,0.64875,0.50375
45.6,13.139394283294678,0.6568986568986569,0.3094202898550725,0.6068281938325991,0.29422382671480146,0.3817762399077278,0.32427184466019415,0.5488721804511278,0.3028322440087146,0.6476683937823834,0.5448504983388704,0.6725,0.53375,0.68875,0.20375,0.41375,0.20875,0.45625,0.3475,0.625,0.41
43.9625,13.790274858474731,0.6658031088082902,0.2755453501722158,0.5654296875,0.28907330567081607,0.40702479338842973,0.3208020050125313,0.5197889182058048,0.2970059880239521,0.6189903846153846,0.5870069605568445,0.6425,0.6,0.72375,0.26125,0.24625,0.16,0.4925,0.31,0.64375,0.31625
44.1,13.930079460144043,0.6948905109489051,0.27282913165266104,0.607103218645949,0.28501628664495116,0.42973523421588594,0.3062645011600928,0.49765807962529274,0.3012457531143828,0.597574421168688,0.5946547884187082,0.595,0.60875,0.68375,0.21875,0.26375,0.165,0.53125,0.3325,0.6775,0.33375
43.5125,14.363089084625244,0.6926345609065155,0.25449247207382225,0.6158256880733946,0.2798573975044563,0.39014373716632444,0.3128491620111732,0.5263888888888889,0.32208157524613223,0.6116838487972509,0.5780590717299579,0.61125,0.655,0.67125,0.19625,0.2375,0.21,0.47375,0.28625,0.6675,0.3425
45.3,13.240509033203125,0.6334894613583139,0.30339622641509434,0.6639892904953146,0.2875816993464052,0.3794808405438813,0.33547008547008544,0.5623003194888179,0.31473214285714285,0.6165501165501166,0.5184049079754601,0.67625,0.5025,0.62,0.275,0.38375,0.19625,0.44,0.3525,0.66125,0.4225
44.5875,13.692482709884644,0.6632390745501285,0.2822878228782288,0.6617050067658998,0.2696132596685083,0.4024604569420035,0.30991735537190085,0.5332409972299169,0.32054794520547947,0.6374845869297164,0.5408805031446541,0.645,0.57375,0.61125,0.305,0.28625,0.1875,0.48125,0.2925,0.64625,0.43
44.3625,13.73257315158844,0.6556927297668038,0.26884554559831314,0.6353522867737948,0.29411764705882354,0.40714285714285714,0.3231292517006803,0.5249343832020997,0.3215223097112861,0.617169373549884,0.5445859872611465,0.5975,0.6375,0.6425,0.25625,0.285,0.11875,0.5,0.30625,0.665,0.4275
44.225,13.914080739021301,0.5970772442588727,0.2663371773750686,0.6483103879849812,0.2945205479452055,0.3837837837837838,0.31742738589211617,0.5524256651017214,0.308252427184466,0.6403061224489796,0.5703971119133574,0.715,0.60625,0.6475,0.215,0.26625,0.19125,0.44125,0.3175,0.6275,0.395
45.1875,13.173761248588562,0.623006833712984,0.3115124153498871,0.6483103879849812,0.3141025641025641,0.4162348877374784,0.27995255041518385,0.5672413793103448,0.30392156862745096,0.6373902132998746,0.573502722323049,0.68375,0.5175,0.6475,0.245,0.30125,0.295,0.41125,0.3875,0.635,0.395
43.9125,14.0531907081604,0.6188235294117647,0.2646474677259186,0.6338028169014085,0.29041095890410956,0.4025974025974026,0.31929046563192903,0.5416036308623298,0.32147742818057456,0.6441558441558441,0.5908141962421712,0.6575,0.66625,0.675,0.265,0.2325,0.18,0.4475,0.29375,0.62,0.35375
45.675,12.881654977798462,0.6360582306830908,0.3176865046102263,0.6373493975903615,0.28716645489199494,0.4074074074074074,0.31569664902998235,0.5276653171390013,0.3038229376257545,0.6176808266360505,0.5583482944344704,0.71,0.47375,0.66125,0.2825,0.28875,0.22375,0.48875,0.3775,0.6725,0.38875
44.15,14.042174816131592,0.6388888888888888,0.27480106100795754,0.6610824742268041,0.27324913892078073,0.42670157068062825,0.3281653746770026,0.5151915455746368,0.31213872832369943,0.6017997750281214,0.5633802816901409,0.69,0.6475,0.64125,0.2975,0.20375,0.15875,0.4875,0.27,0.66875,0.35
44.925,13.302013516426086,0.6527093596059114,0.28665469778575703,0.6101321585903083,0.303236797274276,0.3883495145631068,0.3359580052493438,0.5437589670014347,0.3047508690614137,0.5888051668460711,0.5543071161048689,0.6625,0.59875,0.6925,0.2225,0.3,0.16,0.47375,0.32875,0.68375,0.37
44.7,13.516768097877502,0.6118568232662193,0.28984615384615386,0.6247086247086248,0.2830188679245283,0.45,0.32751091703056767,0.5667808219178082,0.302713987473904,0.6043577981651376,0.5553602811950791,0.68375,0.58875,0.67,0.2625,0.2475,0.1875,0.41375,0.3625,0.65875,0.395
45.95,13.243488669395447,0.6242774566473989,0.3040585495675316,0.6092206366630076,0.30337078651685395,0.43392857142857144,0.32014388489208634,0.5207547169811321,0.34051724137931033,0.6044444444444445,0.5397631133671743,0.675,0.57125,0.69375,0.23625,0.30375,0.2225,0.5175,0.29625,0.68,0.39875
45.725,13.318092107772827,0.6613756613756614,0.2982917214191853,0.6227477477477478,0.31800766283524906,0.44507575757575757,0.2932098765432099,0.5042219541616405,0.3216867469879518,0.6252955082742316,0.5483359746434231,0.625,0.5675,0.69125,0.2075,0.29375,0.2375,0.5225,0.33375,0.66125,0.4325
44.675,13.398723840713501,0.6689560439560439,0.298828125,0.6830601092896175,0.30174081237911027,0.3993055555555556,0.27675675675675676,0.5726643598615917,0.31005917159763313,0.5955414012738853,0.534621578099839,0.60875,0.57375,0.625,0.195,0.2875,0.32,0.41375,0.3275,0.70125,0.415
45.575,13.342791438102722,0.6479591836734694,0.2906530089628681,0.6493975903614457,0.3128491620111732,0.39502332814930013,0.3065015479876161,0.5415512465373962,0.3283173734610123,0.6189931350114416,0.526080476900149,0.635,0.5675,0.67375,0.21,0.3175,0.2475,0.48875,0.3,0.67625,0.44125
46.225,12.638617634773254,0.6169977924944813,0.3628841607565012,0.6598726114649681,0.30416666666666664,0.44424131627056673,0.2746331236897275,0.5624036979969184,0.30905695611577966,0.6474278544542033,0.5213793103448275,0.69875,0.38375,0.6475,0.27375,0.30375,0.3275,0.45625,0.41375,0.645,0.4725
44.5375,13.693807125091553,0.65748031496063,0.28832318760376313,0.6631989596879063,0.3057324840764331,0.4191729323308271,0.26733780760626397,0.583804143126177,0.31443298969072164,0.6280417149478563,0.5529411764705883,0.62625,0.65125,0.6375,0.18,0.27875,0.29875,0.3875,0.305,0.6775,0.41125
46.65,12.562634348869324,0.6254416961130742,0.345273631840796,0.6706827309236948,0.3105175292153589,0.4170984455958549,0.2788177339901478,0.574468085106383,0.32936979785969084,0.6645807259073843,0.5258741258741259,0.66375,0.43375,0.62625,0.2325,0.4025,0.35375,0.4725,0.34625,0.66375,0.47
43.9625,14.194799304008484,0.6160287081339713,0.26507782101167315,0.7098865478119936,0.3050847457627119,0.4202586206896552,0.29198966408268734,0.5682539682539682,0.3249607535321821,0.6283084004602992,0.5317829457364341,0.64375,0.68125,0.5475,0.18,0.24375,0.2825,0.4475,0.25875,0.6825,0.42875
46.6375,12.67991852760315,0.6145952109464082,0.3607103218645949,0.6762177650429799,0.3104895104895105,0.46204620462046203,0.2962962962962963,0.5017709563164109,0.3266888150609081,0.7029411764705882,0.4886621315192744,0.67375,0.40625,0.59,0.2775,0.35,0.33,0.53125,0.36875,0.5975,0.53875
43.45,14.6986985206604,0.5975056689342404,0.2598818718764198,0.6694444444444444,0.29182156133828996,0.42297650130548303,0.31905781584582443,0.5848056537102474,0.29004854368932037,0.6793785310734464,0.5288326300984529,0.65875,0.715,0.6025,0.19625,0.2025,0.18625,0.41375,0.29875,0.60125,0.47
46.6,12.644749522209167,0.5909568874868559,0.3593220338983051,0.6327944572748267,0.27648839556004035,0.4183535762483131,0.32192846034214617,0.562874251497006,0.32667450058754405,0.6666666666666666,0.5404984423676013,0.7025,0.3975,0.685,0.3425,0.3875,0.25875,0.47,0.3475,0.635,0.43375
45.925,13.090490579605103,0.5986547085201793,0.30324675324675326,0.6261467889908257,0.2903225806451613,0.43261231281198004,0.3221476510067114,0.557774607703281,0.33182503770739064,0.6675712347354138,0.5443425076452599,0.6675,0.58375,0.6825,0.27,0.325,0.24,0.48875,0.275,0.615,0.445
45.6625,13.656240820884705,0.6527958387516255,0.27780763030628697,0.6161616161616161,0.3004201680672269,0.4364326375711575,0.3293943870014771,0.5669642857142857,0.3264094955489614,0.6607369758576874,0.5525525525525525,0.6275,0.64625,0.68625,0.17875,0.2875,0.27875,0.47625,0.275,0.65,0.46
47.0875,12.845275282859802,0.6692406692406693,0.3300898203592814,0.6148723640399556,0.2965722801788376,0.4411764705882353,0.31832298136645965,0.5432756324900133,0.3285340314136126,0.6591478696741855,0.5268096514745308,0.65,0.55125,0.6925,0.24875,0.3375,0.25625,0.51,0.31375,0.6575,0.49125
46.2625,12.996077537536621,0.6688227684346701,0.30217669654289375,0.631578947368421,0.28898426323319026,0.4274322169059011,0.34674329501915707,0.5736677115987461,0.3162193698949825,0.6863572433192686,0.5238095238095238,0.64625,0.59,0.675,0.2525,0.335,0.22625,0.4575,0.33875,0.61,0.495
46.9125,12.64266586303711,0.6507177033492823,0.3368421052631579,0.6201975850713501,0.29465301478953354,0.4681647940074906,0.3314393939393939,0.5768595041322314,0.305744888023369,0.6529850746268657,0.5553822152886115,0.68,0.52,0.70625,0.32375,0.3125,0.21875,0.43625,0.3925,0.65625,0.445
46.075,13.352224826812744,0.644963144963145,0.29335585585585583,0.6114101184068891,0.3076923076923077,0.4506769825918762,0.32217573221757323,0.6047794117647058,0.34190620272314676,0.6594387755102041,0.5755395683453237,0.65625,0.65125,0.71,0.27,0.29125,0.28875,0.41125,0.2825,0.64625,0.4
47.2125,12.398221611976624,0.6399521531100478,0.33497942386831275,0.6143011917659805,0.31181102362204727,0.4400564174894217,0.29379760609357997,0.5502793296089385,0.36363636363636365,0.6662337662337663,0.540090771558245,0.66875,0.50875,0.70875,0.2475,0.39,0.3375,0.4925,0.28,0.64125,0.44625
46.25,12.99830162525177,0.6453558504221955,0.3013182674199623,0.6407879490150638,0.2991913746630728,0.45962732919254656,0.2889576883384933,0.5775577557755776,0.3709090909090909,0.6753069577080492,0.5680379746835443,0.66875,0.6,0.69125,0.2775,0.2775,0.35,0.4375,0.255,0.61875,0.44875
46.5,12.93711769580841,0.6216216216216216,0.31258941344778257,0.6477832512315271,0.3111111111111111,0.45217391304347826,0.289587852494577,0.535475234270415,0.3680297397769517,0.6397590361445783,0.5348484848484848,0.69,0.54625,0.6575,0.245,0.325,0.33375,0.5,0.2475,0.66375,0.44125
46.4625,12.852757334709167,0.6633785450061652,0.3177004538577912,0.6916548797736917,0.3168469860896445,0.45207956600361665,0.2914466737064414,0.561014263074485,0.334610472541507,0.605543710021322,0.5370650529500757,0.6725,0.525,0.61125,0.25625,0.3125,0.345,0.4425,0.3275,0.71,0.44375
45.9625,13.381078600883484,0.6624843161856964,0.28588166373755125,0.6331828442437923,0.32798573975044565,0.41272430668841764,0.30758226037195996,0.5906735751295337,0.33031088082901555,0.6354916067146283,0.5815217391304348,0.66,0.61,0.70125,0.23,0.31625,0.26875,0.4275,0.31875,0.6625,0.40125
46.725,13.039780139923096,0.6658227848101266,0.3066132264529058,0.6555555555555556,0.3211920529801324,0.41901931649331353,0.30916030534351147,0.6076642335766423,0.34419263456090654,0.6179039301310044,0.5388059701492537,0.6575,0.57375,0.66375,0.2425,0.3525,0.30375,0.41625,0.30375,0.7075,0.45125
47.25,12.739050507545471,0.6476744186046511,0.3217665615141956,0.6600741656365884,0.2966226138032305,0.41879194630872485,0.30014025245441794,0.5361366622864652,0.36574746008708275,0.6408114558472554,0.559748427672956,0.69625,0.51,0.6675,0.2525,0.39,0.2675,0.51,0.315,0.67125,0.445
45.85,13.734595656394958,0.6473372781065089,0.27975183305132545,0.6675224646983312,0.297111416781293,0.45869565217391306,0.3213166144200627,0.5794701986754967,0.3137755102040816,0.6821282401091405,0.573820395738204,0.68375,0.62,0.65,0.27,0.26375,0.25625,0.4375,0.3075,0.625,0.47125
45.2,13.988388895988464,0.6507177033492823,0.26595744680851063,0.6658130601792573,0.31841652323580033,0.3993660855784469,0.33695652173913043,0.6015473887814313,0.29904306220095694,0.667953667953668,0.5848434925864909,0.68,0.65625,0.65,0.23125,0.315,0.19375,0.38875,0.3125,0.64875,0.44375
47.4875,12.517102122306824,0.6882276843467011,0.34734734734734735,0.6629491945477075,0.2852529601722282,0.4354243542435424,0.3169491525423729,0.5757097791798107,0.3139784946236559,0.625414364640884,0.5741935483870968,0.665,0.43375,0.66875,0.33125,0.4425,0.23375,0.45625,0.365,0.7075,0.445
46.15,13.160406947135925,0.6834437086092715,0.2928821470245041,0.6535626535626535,0.30697674418604654,0.4288,0.3311546840958606,0.5854922279792746,0.3070776255707763,0.6701298701298701,0.5242463958060288,0.645,0.6275,0.665,0.2475,0.335,0.19,0.42375,0.33625,0.645,0.5
46.9,12.970044255256653,0.6699386503067485,0.3166077738515901,0.6662387676508345,0.3021897810218978,0.45516074450084604,0.30273972602739724,0.5879310344827586,0.31645569620253167,0.6869095816464238,0.5245283018867924,0.6825,0.56,0.64875,0.25875,0.33625,0.27625,0.42625,0.34375,0.63625,0.52125
46.5125,13.14168930053711,0.641755634638197,0.30859375,0.6666666666666666,0.30296127562642367,0.4755381604696673,0.29927007299270075,0.6076923076923076,0.3234946871310508,0.6989869753979739,0.5605187319884726,0.67625,0.5925,0.6625,0.3325,0.30375,0.25625,0.395,0.3425,0.60375,0.48625
47.35,12.421558737754822,0.6036772216547498,0.3447265625,0.6381733021077284,0.30845771144278605,0.4469026548672566,0.3166926677067083,0.540650406504065,0.3177142857142857,0.7090103397341211,0.5315068493150685,0.73875,0.44125,0.68125,0.31,0.37875,0.25375,0.49875,0.3475,0.6,0.485
47.125,12.499018430709839,0.6642156862745098,0.3249810174639332,0.6625916870415648,0.2968960863697706,0.4559748427672956,0.30934343434343436,0.5369318181818182,0.3300423131170663,0.6370023419203747,0.566068515497553,0.6775,0.535,0.6775,0.275,0.3625,0.30625,0.4725,0.2925,0.68,0.43375
46.7875,12.84665071964264,0.6683046683046683,0.3140326975476839,0.6813333333333333,0.2925257731958763,0.4152777777777778,0.3159340659340659,0.5948905109489051,0.3561643835616438,0.6194690265486725,0.5324858757062146,0.68,0.57625,0.63875,0.28375,0.37375,0.2875,0.4075,0.26,0.7,0.47125
46.8375,12.683004021644592,0.6408209806157354,0.3132102272727273,0.7058823529411765,0.2850729517396184,0.4144645340751043,0.32272727272727275,0.5688350983358548,0.33676470588235297,0.6530359355638166,0.5883361921097771,0.7025,0.55125,0.63,0.3175,0.3725,0.26625,0.47,0.28625,0.65875,0.42875
46.625,12.98298180103302,0.6942257217847769,0.29344558027660855,0.685378590078329,0.3055141579731744,0.39814814814814814,0.3189792663476874,0.5766192733017378,0.3395061728395062,0.6373117033603708,0.5679214402618658,0.66125,0.61,0.65625,0.25625,0.37625,0.25,0.45625,0.275,0.6875,0.43375
47.4,12.586284041404724,0.6647058823529411,0.3098995695839311,0.7100840336134454,0.31703703703703706,0.40482573726541554,0.3106646058732612,0.5598845598845599,0.34048640915593703,0.6629766297662977,0.5279583875162549,0.70625,0.54,0.63375,0.2675,0.3775,0.25125,0.485,0.2975,0.67375,0.5075
46.825,12.613794326782227,0.6133056133056133,0.318259385665529,0.7341772151898734,0.2857142857142857,0.47697974217311234,0.3185550082101806,0.5598349381017882,0.30471204188481676,0.7025862068965517,0.5511049723756906,0.7375,0.46625,0.58,0.35,0.32375,0.2425,0.50875,0.36375,0.61125,0.49875
47.6625,12.402947545051575,0.6407322654462243,0.34673366834170855,0.7134502923976608,0.3052362707535121,0.43090452261306533,0.3066255778120185,0.5404040404040404,0.3259860788863109,0.6506765067650676,0.5332446808510638,0.7,0.43125,0.61,0.29875,0.42875,0.24875,0.535,0.35125,0.66125,0.50125
47.425,12.78747010231018,0.6766917293233082,0.32384052074857606,0.7034965034965035,0.2940340909090909,0.41627906976744183,0.34177215189873417,0.5268542199488491,0.30965005302226933,0.6946354883081155,0.54296875,0.675,0.4975,0.62875,0.25875,0.4475,0.2025,0.515,0.365,0.63125,0.52125
47.2875,12.664918541908264,0.6595238095238095,0.31891891891891894,0.6538461538461539,0.3062409288824383,0.4185430463576159,0.3265720081135903,0.5698924731182796,0.3114224137931034,0.6415981198589894,0.5640625,0.6925,0.51625,0.70125,0.26375,0.395,0.20125,0.46375,0.36125,0.6825,0.45125
47.1875,12.749374866485596,0.6497695852534562,0.3165354330708661,0.6322869955156951,0.3046875,0.43870967741935485,0.3180327868852459,0.5477124183006536,0.3056768558951965,0.652794292508918,0.5813148788927336,0.705,0.5025,0.705,0.24375,0.34,0.2425,0.52375,0.35,0.68625,0.42
48.1,12.359020709991455,0.672069825436409,0.3511604439959637,0.615795090715048,0.31547619047619047,0.44778254649499283,0.3135593220338983,0.5269461077844312,0.33217993079584773,0.6441073512252042,0.564873417721519,0.67375,0.435,0.72125,0.265,0.39125,0.2775,0.55,0.36,0.69,0.44625
46.6125,13.150090217590332,0.6752910737386805,0.3035122597746852,0.6742323097463284,0.28756476683937826,0.45880149812734083,0.32954545454545453,0.5436766623207301,0.30467899891186073,0.6568742655699178,0.5481049562682215,0.6525,0.5725,0.63125,0.2775,0.30625,0.18125,0.52125,0.35,0.69875,0.47
47.2125,12.67703366279602,0.6543504171632897,0.3235747303543914,0.6495327102803738,0.2969151670951157,0.43390357698289267,0.33669354838709675,0.547144754316069,0.30390143737166325,0.6670854271356784,0.5925925925925926,0.68625,0.525,0.695,0.28875,0.34875,0.20875,0.515,0.37,0.66375,0.42
47.225,12.735300421714783,0.6764705882352942,0.3213728549141966,0.6577344701583435,0.31088082901554404,0.4078282828282828,0.33271028037383177,0.5413929040735874,0.3020527859237537,0.6748387096774193,0.5665584415584416,0.69,0.515,0.675,0.225,0.40375,0.2225,0.515,0.38625,0.65375,0.43625
46.9125,13.010055541992188,0.6232201533406353,0.3100465735196274,0.6895640686922061,0.2952243125904486,0.42995169082125606,0.3333333333333333,0.5273809523809524,0.315606936416185,0.6929460580912863,0.5733113673805601,0.71125,0.5825,0.6525,0.255,0.33375,0.2,0.55375,0.34125,0.62625,0.435
48.2,12.394816160202026,0.6121827411167513,0.3695652173913043,0.6578313253012048,0.29612220916568743,0.4242053789731051,0.34470377019748655,0.540272614622057,0.31545741324921134,0.7184325108853411,0.554093567251462,0.75375,0.3825,0.6825,0.315,0.43375,0.24,0.545,0.375,0.61875,0.47375
47.725,12.447311043739319,0.6214511041009464,0.35508849557522126,0.6603098927294399,0.29466357308584684,0.4102259215219976,0.3362218370883882,0.5614525139664804,0.30177514792899407,0.7230320699708455,0.5819672131147541,0.73875,0.40125,0.6925,0.3175,0.43125,0.2425,0.5025,0.3825,0.62,0.44375
47.5,12.560725927352905,0.6047666335650447,0.3220625528317836,0.6290672451193059,0.27936145952109465,0.44724409448818897,0.336283185840708,0.5768115942028985,0.3264840182648402,0.7315950920245399,0.5902192242833052,0.76125,0.47625,0.725,0.30625,0.355,0.2375,0.4975,0.3575,0.59625,0.4375
46.1375,13.616132259368896,0.636986301369863,0.28121546961325966,0.6808236808236808,0.29383116883116883,0.3888130968622101,0.3477157360406091,0.5703703703703704,0.31880448318804483,0.6976090014064698,0.5867768595041323,0.6975,0.63625,0.66125,0.22625,0.35625,0.17125,0.48125,0.32,0.62,0.44375
48.1625,12.582839488983154,0.6427783902976847,0.3591549295774648,0.6844850065189049,0.28778467908902694,0.4014227642276423,0.35826771653543305,0.5632022471910112,0.3359683794466403,0.7297709923664122,0.5334224598930482,0.72875,0.44625,0.65625,0.3475,0.49375,0.2275,0.50125,0.31875,0.5975,0.49875
47.8625,12.486662864685059,0.6241970021413277,0.33223954060705496,0.7227138643067846,0.3069828722002635,0.4638364779874214,0.2988650693568726,0.5175644028103045,0.35650887573964496,0.6921017402945113,0.5482954545454546,0.72875,0.50625,0.6125,0.29125,0.36875,0.29625,0.5525,0.30125,0.64625,0.4825
45.4,14.168348789215088,0.6666666666666666,0.26926926926926925,0.7205882352941176,0.302491103202847,0.3916786226685796,0.3007518796992481,0.6038732394366197,0.34053156146179403,0.6524390243902439,0.5691318327974276,0.655,0.6725,0.6125,0.2125,0.34125,0.25,0.42875,0.25625,0.66875,0.4425
48.0875,12.603372812271118,0.6122026887280249,0.39317773788150806,0.6550925925925926,0.30942334739803096,0.41956521739130437,0.27842003853564545,0.5154994259471871,0.3592644978783593,0.6777070063694267,0.5862068965517241,0.74,0.27375,0.7075,0.275,0.4825,0.36125,0.56125,0.3175,0.665,0.425
46.175,13.145537734031677,0.645679012345679,0.3052126200274348,0.7256371814092953,0.2866666666666667,0.42219020172910665,0.2995169082125604,0.5486111111111112,0.34951456310679613,0.6151315789473685,0.578268876611418,0.65375,0.55625,0.605,0.26875,0.36625,0.31,0.49375,0.27,0.70125,0.3925
46.9625,13.14346194267273,0.6821192052980133,0.31594634873323396,0.6916129032258065,0.28751311647429173,0.4537671232876712,0.29429735234215887,0.6123188405797102,0.37894736842105264,0.6247216035634744,0.5755517826825127,0.64375,0.53,0.67,0.3425,0.33125,0.36125,0.4225,0.27,0.70125,0.42375
